"ID","target"
"e74e45f2540c5bbbb134814f16e72d03","0"
"efe1332c05fd92146785654f879d7874","0"
"9489da57d211489005165511ec654949","0"
"4afff32bae4b2457559b7b254b9e1b2a","0"
"b48b363dcb77363a56b68f92e83bcff3","0"
"eaf95d20ea1c3d17b860382bc3277851","0"
"0a3b51acf3a8c6411508f075a47c4315","0"
"1f9a9fe866e72a305f697cd65c0c00bc","0"
"8b3de1656126b16c1f08855a5770b52a","0"
"8e0da1db7f5b6678a6fabc2f77f1ffd6","0"
"4e0a7f5e989f2deb1cb3223905576b53","0"
"723b707a18b0624ed7da461b556fdfa4","0"
"5b38b947950d5f98d73005c24733273a","0"
"786494db150e4e18cdf7fd44fc58a329","0"
"2988a151f91226e7e0a08cda6abeddca","0"
"71314d13f5aec62c8d2e5b79275e5cdb","0"
"f31ec352e96020aa38c23cbcd4b8e9a7","1"
"c78924610f5c0974c8a72218e51dd3ee","0"
"c9182c98fbfba44d9ae135c3bbb9ac62","0"
"8a12853a0dea4dbaa66a06a8edf3f4a3","0"
"fd43a60681618f807dfa486167b3abde","0"
"5d71db738dc6ecb377816010c4fbe91d","0"
"9da4667353227d09adb9169e29e9ce4a","0"
"c55acf19b49fbe10b528becb5c188842","0"
"520cbe2f46124d161e987756b13eeb01","1"
"f56399ed4dba8b231cff8e4185d54216","0"
"2b09b4c1c9e32bb0d5d46fd9b7fe600f","0"
"254513cb0639e57ee862fd9dd16d747a","0"
"9ef60bea031c52a71023ce8e4f1c2277","0"
"1e7eaae78125b8709ff53c4d7016656a","0"
"3b4eb961788aa1297b460c8bdbc6bd07","0"
"5a5979a7b5e51af5ad76131c6feef1d4","0"
"d0077124cbd53868511cc6b82218530d","0"
"838060e2dec914c151a5494eea760499","0"
"c30a0f91ac011257e2f801c6f6f700c8","0"
"605770359713027f70dcfec4e4a5cd3f","0"
"c0d91e6c4f20a70b37e580da6e6b09ad","1"
"8aa9696fc91c29f9b1f031c085347535","1"
"e4dcd98e744dfb9cc855293e78161be5","0"
"01c91e306bd90d90a0cd91310f6d6e9a","0"
"1a966708d8f19b1ded920052006b9a1e","0"
"77f52a252ea82cacb9c3cc88c3bf7a6b","0"
"9a9bbb8217c36f38a94e59211ae40c62","0"
"8fe5a43f454ca9b7092ea83619652f7d","0"
"046a263944619cfc9f9150a9e222f5be","0"
"5f2e429be622c0d57cf997ff14947c88","0"
"eebc8626138ad65cb3e1ee2353b4c2be","0"
"56adf6144d00f15f556e8108f16ab7bc","0"
"b337d530f16d658f713ecbd3d1875f45","0"
"823999c8d4556329e201840716b8e398","0"
"994f1ff63c1f873c93ec15db4c96cb66","0"
"e7d622f96ab9c4fa3b9245ef6e70a035","0"
"488c9c789893dee1f583b2546a887fae","0"
"1a083b65c32118e0e5dc349134a0ef41","0"
"2795bdec8e4d64ed09484958b1515137","0"
"e6efb1ca908d8bba9541545dfe4a43a5","0"
"7cf49998c3e7fd9f1fe17151df3a14a0","0"
"56951603804372fa32c78eaccec24531","0"
"c395b7bb4a19a399be4abaa38fa8c7f5","1"
"5b0dc2e090b5ecb8085bef8322e34cfc","0"
"96391f1de9b9543fd016a4d2fc0885b7","0"
"98f9b1b2b5ad663d11753e9289baf436","0"
"7a48ce10de56a1fd6fdf78ef3e510b00","0"
"fc87eea07eab90913d4d7474b6fea698","0"
"e1140ca5a788a46e67f0805f00ba5750","0"
"896372ba7744c22de3a56f76e68fe000","1"
"427d4b94ecd56c26740d7c6d545be37f","0"
"8902ee786f0b4c85b64da4c7ae573807","0"
"20b570728e634491d7793a733bbfbdbc","0"
"3ee752b8e2b4e2b6341d6a92348307fe","0"
"42b23822dbe20bfde56730d69e83b530","0"
"7e038783cadff028ab00112938f54076","0"
"832a444bdc242e076158ed829894ca1f","1"
"defb185d34fed2f0d239177bd1a72551","0"
"8779e26050fbbe731e66d56a93ade50a","0"
"eae351e7bd5a54ffc94354999ab2ef18","0"
"df09c60a006a290c9fc1d7b93baf2957","0"
"64af57b9fe1f21283ca483e0d3c60e2b","0"
"82a95754149d1463e17079c1dacc2b6d","0"
"d41f61447b916fb86bda8215c8881700","0"
"e2340eeab1f695f65bd0615b8177c914","0"
"58ecc1ed4513f329de8fd1dc153c689a","0"
"db08bbb53a13feb3bfdb93f7e714e186","0"
"3b19ad4c8ba43644f07c25340bd56d7b","0"
"82f204511a8ebe57fabf654530fa55eb","0"
"14142d178ac253bcd24e31e95ab4ec26","0"
"953601cd0c9e54d4d9e42da02800f049","0"
"304fd6cf52f6061ffe992a5b3f7b1edf","0"
"8d5ed8cb70bd6b3d5f4d4ce9c48ebd85","0"
"775c08c3d7ea30f2aee79c547efc24ed","0"
"21c05c80b01a823e152feb34023f31b8","0"
"34a9da00759a85df072742b31bb07f72","0"
"7bd59ee30c956a1bbb457284b01eaed1","0"
"0cad3b6dd699137e9be1c6665523059c","0"
"94e2b389cce4a5ce1c2c9374e6bce993","1"
"a69c62559988a8fcfb508048f5437dc2","0"
"dbc5dffe192a1914fc5fdc443d59c9b7","0"
"c59da4b9227aac9c85b6a0021cb63fc4","0"
"8eb9b75f834da60c3583cd1c4c6a69ff","0"
"345e2771df2b821eb968c587e70fe01e","0"
"7f82a1a8f4acc6dc6ec49842b13435c5","0"
"b250e89825c01a717d660f862d98b1b1","0"
"f78ad94d70adeb4a45befd8a804ca88b","1"
"bba108fab999c1081218f48e4993288b","0"
"995fa420f7129b5a9d82eb4cab791b54","0"
"6174774149a9b964133c9dbb368fecd3","0"
"ea1d379adffc726ad1682ed68d42c2be","0"
"f11a9ba90b0e8b60d24ab19d4b2956c8","0"
"523074c91309219faffaf90957a8de57","0"
"3dd009c1713f6bf40e559de3e088b21f","1"
"c5fe26016447fd2e9fdf940608333670","0"
"c04a6b360dd08633317c8ceee75c80de","0"
"c851a5f5dd6b8891c0ca6ec1dbf4ce25","0"
"6d4f182f98b36b0598f657f5165039d2","0"
"5010c65c3ee501048fdef381e9176d25","0"
"94b8336846e7ddfc977174da8b7a25e9","0"
"13e5d5f55e34088728d237ba79cea853","0"
"b1762d6954270604aa1d1ace4d4d6b5b","1"
"f67e7b7b2cde92fc35a06c4f0749dd33","0"
"f1ed4a58261a8e8c5025aa15d7ff4feb","0"
"0a008180dd3957484f74b3cb68c524a7","0"
"19ca8d3ca34aef4a26dfe2a1c8150d7b","0"
"a7b9cfee444295a9186f9414a64d404c","0"
"dfc461f04cfb51d84dad80a57e01a54f","0"
"0b0a6f8592c8374b2277a5f43d37bc0e","0"
"8dcb8fbf0fc246eea19367e015b0fd4c","0"
"5e3269d33fc64b76ed7600583249fef4","1"
"15de905e50dd23fc28ade830416f51d7","0"
"01b7d7be203dbf2a3d75c9770d68dfb6","0"
"c7993f2c4c15f46f366f6daaa747197d","0"
"a34b544f113a6d3b4eb353909a378afb","0"
"fe5b1826c9e7c1864886b233402df330","0"
"c3862b6625043b647d275e9825a7d6ea","0"
